Movie_Name,Total_Dialogues,Total_Words,Positive_Emotion,Negative_Emotion,Overall_Vibe,Budget,Revenue,Is_Sequel,Holiday_Release,Genre,Is_A_Rated,Runtime,Director,Actors
102 Not Out (tt6580564),472,3692,0.163,0.107,1,35,115,0,0,"Comedy, Drama",0,102,Umesh Shukla,"Amitabh Bachchan, Vijay Raaz, Rishi Kapoor"
12th Fail (tt23849204),2739,11950,0.144,0.121,1,20,70,0,0,"Biography, Drama",0,147,Vidhu Vinod Chopra,"Vikrant Massey, Medha Shankr, Anant Joshi"
16 December (tt0313844),1308,6077,0.143,0.118,1,4,9,0,0,"Action, Thriller",0,158,Mani Shankar,"Milind Soman, Danny Denzongpa, Gulshan Grover"
1920 (tt1301698),366,2059,0.107,0.09,0.991,7,14.5,0,0,"Horror, Mystery, Thriller",1,143,Vikram Bhatt,"Rakhi Sawant, Bob Brahmbhatt, Rajneesh Duggal"
19th January (tt3585456),570,2495,0.113,0.077,0.998,2,0.2,0,0,Drama,0,120,Sanjay Amar,"Mumtaz Ahmed, Bidita Bag, Madhuri Bhatia"
2 October (tt0463279),1507,7470,0.125,0.13,-0.999,0.75,0.19,0,0,"Action, Crime, Thriller",1,135,Sunil Tiwari,"Ashutosh Rana, Rocky Verma, Sadhika Randhawa"
2 States (tt2372678),2917,10790,0.176,0.106,1,45,177.73,0,1,"Comedy, Drama, Romance",0,149,Abhishek Varman,"Arjun Kapoor, Alia Bhatt, Amrita Singh"
3 Deewarein (tt0338490),888,4026,0.169,0.153,0.995,2,0.6,0,0,"Crime, Drama",0,115,Nagesh Kukunoor,"Naseeruddin Shah, Jackie Shroff, Juhi Chawla"
5 Weddings (tt1971310),2091,8246,0.21,0.084,1,5,0.41,0,0,"Comedy, Drama, Romance",0,90,Namrata Singh Gujral,"Nargis Fakhri, Rajkummar Rao, Bo Derek"
7 Hours To Go (tt4365060),1898,8455,0.078,0.079,-0.998,4.5,0.86,0,0,"Crime, Thriller",0,115,Saurabh Varma,"Shiv Panditt, Ananya Raj, Varun Badola"
7 Khoon Maaf (tt1629376),1302,6630,0.182,0.113,1,15,33,0,0,"Comedy, Drama, Mystery",1,137,Vishal Bhardwaj,"Priyanka Chopra Jonas, Vivaan Shah, Neil Nitin Mukesh"
8 A.M. Metro (tt27511275),1763,8467,0.165,0.107,1,4,0.07,0,0,Drama,0,116,Raj Rachakonda,"Saiyami Kher, Gulshan Devaiah, Sandeep Bhardwaj"
A Flat (tt0988655),1106,4884,0.128,0.117,0.998,5.5,0.42,0,0,"Drama, Horror, Romance",1,103,Hemant Madhukar,"Jimmy Shergill, Sanjay Suri, Hazel Croney"
A Flying Jatt (tt5235880),2188,9499,0.191,0.081,1,55,57,0,0,"Action, Adventure, Comedy",0,151,Remo D'Souza,"Tiger Shroff, Jacqueline Fernandez, Nathan Jones"
A Thursday (tt13028258),1697,7685,0.214,0.077,1,3,6,0,0,"Drama, Thriller",1,128,Behzad Khambata,"Yami Gautam, Atul Kulkarni, Neha Dhupia"
AK vs AK (tt11651796),2283,10258,0.12,0.117,-0.985,17,10.38,0,0,"Comedy, Crime, Drama",1,117,Jehangir Surti,"Neil Nitin Mukesh, Mukesh Agrohari, Bipasha Basu"
Aa Dekhen Zara (tt1372681),1009,5721,0.171,0.087,1,8,1,0,0,"Action, Mystery, Sci-Fi",0,144,Dheeraj Kumar,"Vishal Lalwani, Athit Naik, Hansika Motwani"
Aabra Ka Daabra (tt1137434),2104,8502,0.182,0.075,1,8,1.06,0,0,Fantasy,0,98,Hardik Gajjar,"Apoorva Arora, Kabir Bedi, Shah Bhavya"
Aachari Baa (tt36129120),958,4550,0.166,0.094,1,3,5,0,0,Drama,0,114,Indrajit Nattoji,"Neha Sharma, Ila Arun, Namit Das"
Aafat-E-Ishq (tt12631660),1431,5966,0.176,0.116,1,6,4.21,0,0,"Comedy, Drama, Thriller",1,117,"Indrajit Nattoji, Inderjeet Singh","Shreyas Talpade, Mahie Gill, Karanveer Mehra"
Aagey Se Right (tt1479667),546,2600,0.095,0.145,-1,6.5,8.78,0,0,"Comedy, Crime, Drama",0,153,Yogesh Ishwar,"Suniel Shetty, Sushmita Sen, Namrata Shirodkar"
Aaghaaz (tt0254927),1770,8973,0.121,0.141,-1,6.5,7.52,0,0,"Action, Crime, Drama",0,128,Imran Khalid,"Kasam Ali, Mithun Chakraborty, Gajendra Chauhan"
Aaj Ka Ravan (tt0437058),1509,6680,0.129,0.119,0.931,25,20.75,0,0,"Action, Crime",1,137,Anil Mehta,"Madhuri Dixit, Darshan Jariwala, Raghubir Yadav"
Aaja Nachle (tt0986213),1762,8208,0.139,0.099,1,4,0.67,0,0,"Drama, Family, Music",0,137,Deepak Kumar Bandhu,"Paul Sidhu, Sumona Chakravarti, Anant Jog"
Aakhari Decision (tt1606162),1723,7319,0.144,0.098,1,38,20.42,0,0,"Action, Drama, Thriller",1,139,Priyadarshan,"Ajay Devgn, Akshaye Khanna, Bipasha Basu"
Aakrosh (tt1708453),2536,11255,0.131,0.122,0.991,5,10.54,0,0,"Action, Crime, Drama",1,150,"K. Raghavendra Rao, A.S. Ravindra Babu","Govinda, Juhi Chawla, Tabu"
Aamdani Atthanni Kharcha Rupaiya (tt0305173),1797,8650,0.142,0.103,1,5,9,0,1,"Comedy, Drama, Family",0,99,Raj Kumar Gupta,"Rajeev Khandelwal, Mukesh Agrohari, Supavitra Babul"
Aamir (tt1241195),921,4300,0.124,0.087,0.999,15,14.4,0,0,"Action, Crime, Drama",1,149,Madhur Bhandarkar,"Akshay Kumar, Shatrughan Sinha, Suniel Shetty"
Aan Men at Work (tt0363409),2746,13288,0.126,0.103,1,15,29.44,0,0,"Action, Crime, Drama",0,165,Vipul Amrutlal Shah,"Amitabh Bachchan, Akshay Kumar, Sushmita Sen"
Aankhen (tt0306434),2372,10414,0.122,0.128,-0.999,35,1.71,0,0,"Crime, Drama, Thriller",0,140,Santosh Singh,"Shanaya Kapoor, Vikrant Massey, Zain Khan Durrani"
Aankhon Ki Gustaakhiyan (tt28812582),2272,10331,0.191,0.1,1,5.75,0.17,0,0,Romance,0,140,Glen Barretto,"Aftab Shivdasani, Aamna Sharif, Rati Agnihotri"
Aap Jaisa Koi (tt33888131),1817,8347,0.163,0.099,1,20,6.72,0,0,"Drama, Romance",0,122,Dharmesh Darshan,"Akshaye Khanna, Priyanka Chopra Jonas, Ameesha Patel"
Aap Ki Khatir (tt0810058),2809,12696,0.217,0.086,1,11.5,19.21,0,0,"Comedy, Romance",0,180,Vikram Bhatt,"Hrithik Roshan, Ameesha Patel, Kiran Kumar"
Aap Mujhe Achche Lagne Lage (tt0247911),1575,7329,0.16,0.109,1,53,40,0,0,"Action, Drama, Romance",0,164,Prakash Jha,"Amitabh Bachchan, Saif Ali Khan, Manoj Bajpayee"
Aarakshan (tt1848771),3270,15350,0.166,0.084,1,18,3.47,0,1,"Drama, Thriller",0,120,Nagesh Kukunoor,"John Abraham, Anaitha Nair, Girish Karnad"
Aashayein (tt1227524),871,4063,0.179,0.136,1,9,15.68,0,0,Drama,0,160,Indra Kumar,"Bobby Deol, Karisma Kapoor, Rahul Dev"
Aashiq (tt0273406),1741,7853,0.148,0.123,1,15,109,0,1,"Action, Drama, Romance",0,132,Mohit Suri,"Aditya Roy Kapoor, Shraddha Kapoor, Shaad Randhawa"
Aashiqui 2 (tt2203308),2053,8437,0.157,0.114,1,15,8.34,1,0,"Drama, Music, Musical",0,107,Deepak Ramsay,"Kapil Jhaveri, Shabana Raza, Ranjha Vikram Singh"
Aatma (tt0989605),1420,5708,0.193,0.112,1,5,0.22,0,0,"Crime, Drama, Horror",1,137,Pradip Khairwar,"Kashika Kapoor, Anuj Saini, Atul Srivastava"
Aayushmati Geeta Matric Pass (tt27252585),1850,9297,0.16,0.154,0.994,33,2.6,0,0,Drama,0,125,Prashant Chadha,"Sachiin Joshi, Candice Boucher, Arya Babbar"
Aazaan (tt2033947),728,2396,0.109,0.096,0.988,33,0.3,0,0,"Action, Musical, Thriller",1,120,Shravan Tiwari,"Jimmy Shergill, Abhimanyu Singh, Indraneil Sengupta"
Aazam (tt22932536),2304,10544,0.11,0.147,-1,1.5,0.51,0,0,"Crime, Drama, Mystery",1,78,Deepak Tanwar,"Saurabh Malik, Rekha Rana, Onkar Das Manikpuri"
Ab Hoga Dharna Unlimited (tt2353775),1383,9895,0.192,0.096,1,5.25,5.18,0,0,Comedy,0,79,Raj Kanwar,"Arya Babbar, Amrita Rao, Ashutosh Rana"
Ab Ke Baras (tt0321067),3018,12744,0.184,0.141,1,16.5,6.9,0,0,"Action, Romance, Thriller",0,106,Aejaz Gulab,"Nana Patekar, Mohan Agashe, Gul Panag"
Ab Tak Chhappan 2 (tt2202086),1698,7778,0.147,0.11,1,20,19.16,1,0,"Action, Crime, Thriller",1,193,"Anil Sharma, Sanjay Sharma","Amitabh Bachchan, Akshay Kumar, Bobby Deol"
Ab Tumhare Hawale Watan Saathiyo (tt0397882),2205,10689,0.147,0.132,1,21,5.2,0,1,"Action, Drama, War",0,108,Suparn Varma,"Fardeen Khan, Dia Mirza, Manoj Bajpayee"
Acid Factory (tt1201557),1630,7161,0.125,0.131,-0.999,60,48.66,0,0,"Action, Crime, Mystery",1,129,Vipul Amrutlal Shah,"Akshay Kumar, Aishwarya Rai Bachchan, Aditya Roy Kapoor"
Action Replayy (tt1396208),2531,11144,0.177,0.117,1,92,24,0,1,"Comedy, Romance, Sci-Fi",0,158,Karan Johar,"Ranbir Kapoor, Aishwarya Rai Bachchan, Anushka Sharma"
Ae Dil Hai Mushkil (tt4559006),2162,8878,0.216,0.104,1,90,240,0,1,"Drama, Music, Musical",0,133,Kannan Iyer,"Sara Ali Khan, Alexx O'Nell, Emraan Hashmi"
Ae Watan Mere Watan (tt19864942),2129,9176,0.128,0.129,-0.947,9.5,7.96,0,0,"Biography, Drama, History",0,152,Vikram Bhatt,"Amitabh Bachchan, John Abraham, Bipasha Basu"
Aetbaar (tt0377340),1964,8726,0.14,0.122,1,9.5,7.46,0,0,"Action, Drama, Musical",1,126,Sudhir Mishra,"Bhumi Pednekar, Nawazuddin Siddiqui, Sumeet Vyas"
Afwaah (tt15832148),2433,10488,0.123,0.132,-1,62,74.57,0,0,"Drama, Thriller",0,157,Sriram Raghavan,"Kareena Kapoor, Saif Ali Khan, Ravi Kishan"
Agent Vinod (tt1395025),2085,8559,0.157,0.096,1,71,194,0,0,"Action, Adventure, Thriller",0,174,Karan Malhotra,"Hrithik Roshan, Priyanka Chopra Jonas, Sanjay Dutt"
Agneepath (tt1849718),1466,6607,0.113,0.116,-0.998,5,5.93,0,1,"Action, Crime, Drama",0,130,Ram Gopal Varma,"Nithiin, Priyanka Kothari, Rasika Dugal"
Agyaat (tt1415252),1629,6997,0.194,0.122,1,5,7.32,0,0,"Adventure, Drama, Horror",1,122,Shivam Nair,"Abhay Deol, Soha Ali Khan, Shayan Munshi"
Ahista Ahista (tt0831840),1901,8701,0.131,0.079,1,44,221.57,0,0,"Drama, Romance",0,130,Raja Menon,"Akshay Kumar, Nimrat Kaur, Kumud Mishra"
Airlift (tt4387040),2131,8835,0.138,0.086,1,1,0.6,0,1,"Drama, History",0,125,Ajay Kanchan,"Rati Agnihotri, Aryan Vaid, Megha Chatterji"
Aisa Kyon Hota Hai (tt0465376),2831,11635,0.252,0.084,1,14,21.5,0,0,"Action, Crime, Drama",0,126,Rajshree Ojha,"Sonam Kapoor, Abhay Deol, Karamjeet Madonna"
Aisha (tt1509732),2296,9392,0.203,0.1,1,11,27.8,0,0,"Comedy, Drama, Romance",0,160,"Abbas Alibhai Burmawalla, Mastan Alibhai Burmawalla","Akshay Kumar, Kareena Kapoor, Priyanka Chopra Jonas"
Aitraaz (tt0418460),3598,16223,0.185,0.084,1,65,30.26,0,1,"Drama, Romance, Thriller",1,157,"Neeraj Pandey, Feroz Khan Bollybrothers","Sidharth Malhotra, Manoj Bajpayee, Rakul Preet Singh"
Aiyaary (tt6774212),762,2681,0.15,0.081,1,7.25,2.25,0,0,"Action, Crime, Drama",0,152,Sachin Kundalkar,"Rani Mukerji, Prithviraj Sukumaran, Nirmiti Sawant"
Aiyyaa (tt2255934),2072,8158,0.202,0.066,1,25,103,0,0,"Comedy, Romance",0,150,Rajkumar Santoshi,"Ranbir Kapoor, Katrina Kaif, Darshan Jariwala"
Ajab Prem Ki Ghazab Kahani (tt1252596),2690,12095,0.217,0.099,1,2,0.04,0,0,"Action, Comedy, Musical",0,115,Rishi Prakash Mishra,"Ajay Kumar Singh, Mukesh Chandel, Vikas Giri"
Ajab Singh Ki Gajab Kahani (tt6745804),2127,9474,0.135,0.114,1,3,0.02,0,0,Drama,0,96,"Pragati Agarwal, Amit Aseem","Romil Chaudhary, Priya Sharma, Abhimanyu Aryan"
Ajay Wardhan (tt21979516),2313,10628,0.16,0.131,1,3,0.03,0,0,"Biography, Drama",0,142,"Neeraj Ghaywan, Kayoze Irani, Rahul Kamboj","Fatima Sana Shaikh, Jaideep Ahlawat, Armaan Ralhan"
Ajeeb Daastaans (tt14091818),1901,8696,0.15,0.11,1,3.5,0.13,0,0,"Drama, Romance",1,104,Devashish Makhija,"Sushama Deshpande, Smita Tambe, Sharvani Suryavanshi"
Ajji (tt6471054),880,3961,0.104,0.112,-0.997,3.5,8.5,0,0,"Crime, Drama",1,108,Vikramaditya Motwane,"Anil Kapoor, Anurag Kashyap, Sonam Kapoor"
Akaash Vani (tt2423132),1799,8020,0.157,0.105,1,10,3.06,0,1,"Drama, Romance",0,149,Luv Ranjan,"Kartik Aaryan, Nushrratt Bharuccha, Sunny Singh"
Akelli (tt22892546),1410,5912,0.138,0.096,1,5,1.07,0,0,"Action, Drama, Thriller",1,127,Pranay Meshram,"Nushrratt Bharuccha, Amir Boutrous, Tsahi Halevi"
Akhiyon Se Goli Maare (tt0331421),2930,14486,0.119,0.103,1,5.25,4.41,0,0,"Comedy, Romance",0,146,Harmesh Malhotra,"Govinda, Raveena Tandon, Kader Khan"
Aks (tt0289845),2283,10258,0.12,0.117,-0.985,11,14.3,0,0,"Action, Crime, Horror",1,184,Rakeysh Omprakash Mehra,"Amitabh Bachchan, Raveena Tandon, Manoj Bajpayee"
Aksar (tt0476729),1674,7817,0.207,0.09,1,5.25,12.18,0,0,"Drama, Romance, Thriller",1,135,Ananth Mahadevan,"Emraan Hashmi, Udita Goswami, Dino Morea"
Aksar 2 (tt5784860),1674,7817,0.207,0.09,1,9,9.2,1,0,"Crime, Drama, Mystery",1,127,Ananth Mahadevan,"Zareen Khan, Gautam Rode, Lillete Dubey"
Albela (tt0118578),2043,8666,0.148,0.097,1,10,18.81,0,0,"Comedy, Drama, Romance",0,145,Deepak Sareen,"Govinda, Aishwarya Rai Bachchan, Jackie Shroff"
Albert Pinto Ko Gussa Kyun Aata Hai (tt4355838),1473,6616,0.122,0.138,-0.999,1,0.5,0,0,Drama,1,100,Soumitra Ranade,"Manav Kaul, Nandita Das, Amarjeet Amle"
All Is Well (tt3547616),2855,11834,0.126,0.105,1,34,23,0,0,"Comedy, Drama, Romance",0,126,Umesh Shukla,"Rishi Kapoor, Abhishek Bachchan, Asin Thottumkal"
Aloo Chaat (tt1305840),2602,10762,0.127,0.077,1,10,7.01,0,0,"Comedy, Drama, Romance",0,155,Robbie Grewal,"Aftab Shivdasani, Aamna Sharif, Linda Arsenio"
Always Kabhi Kabhi (tt1937092),2621,10965,0.17,0.082,1,11,4.5,0,0,"Comedy, Crime, Drama",0,126,Roshan Abbas,"Samir Chandra, Lillete Dubey, Satyajeet Dubey"
Am I Next (tt15378284),2122,9107,0.168,0.117,1,0.2,0.2,0,0,Crime,1,85,Rahhat Shah Kazmi,"Anushka Sen, Neelu Dogra, Tariq Khan"
Amar Prem Ki Prem Kahani (tt27116571),2897,12069,0.227,0.098,1,3,4,0,0,"Comedy, Romance",0,117,Hardik Gajjar,"Sunny Singh, Aditya Seal, Pranutan Bahl"
Amar Singh Chamkila (tt26658272),2686,12375,0.146,0.123,1,15,17,0,0,"Biography, Drama, Music",0,145,Imtiaz Ali,"Diljit Dosanjh, Parineeti Chopra, Apinderdeep Singh"
Amavas (tt8396186),1433,5803,0.165,0.121,1,12,3.06,0,0,"Horror, Thriller",1,134,Bhushan Patel,"Ali Asgar, Vivan Bhatena, David Broughton"
Amdavad Junction (tt4643782),1715,7831,0.149,0.102,1,0.5,0.27,0,0,Mystery,1,95,Apurv Bajpai,"Rohan Jardosh, Ishita Salot, Gunjan Vyas"
Amit Sahni Ki List (tt3822600),1697,7546,0.201,0.101,1,7,5.66,0,0,"Comedy, Romance",0,110,Ajay Bhuyan,"Vir Das, Vega Tamotia, Anindita Nayar"
An Action Hero (tt15600222),1856,8170,0.129,0.151,-1,45,16.65,0,0,"Action, Comedy, Crime",0,130,Anirudh Iyer,"Ayushmann Khurrana, Jaideep Ahlawat, Gautam Joglekar"
Anaarkali of Aarah (tt6058394),1920,8958,0.06,0.073,-0.999,5.75,1.48,0,0,Drama,1,113,Avinash Das,"Pankaj Tripathi, Swara Bhasker, Sanjay Mishra"
Andaaz (tt0346507),334,1668,0.181,0.176,0.912,9.25,28.81,0,0,"Drama, Musical, Romance",0,145,Raj Kanwar,"Akshay Kumar, Lara Dutta, Priyanka Chopra Jonas"
Andhadhun (tt8108198),1905,8788,0.15,0.116,1,74.32,456.89,0,0,"Crime, Mystery, Thriller",0,139,Sriram Raghavan,"Ayushmann Khurrana, Tabu, Radhika Apte"
Anek (tt13919802),2310,10074,0.164,0.116,1,47,11.1,0,0,"Action, Drama, Sport",0,147,Anubhav Sinha,"Ayushmann Khurrana, Andrea Kevich�sa, Manoj Pahwa"
Angrezi Medium (tt8907986),3154,13938,0.152,0.092,1,36,13.56,1,0,"Comedy, Drama",0,145,Homi Adajania,"Irrfan Khan, Radhika Madan, Kareena Kapoor"
Angry Indian Goddesses (tt3368222),1256,7285,0.152,0.135,0.999,9,2.92,0,0,"Comedy, Crime, Drama",1,115,Pan Nalin,"Amy Maghera, Rajshri Deshpande, Pavleen Gujral"
Anjaana Anjaani (tt1499201),2482,10432,0.173,0.106,1,38,69.85,0,1,"Comedy, Drama, Musical",0,151,Siddharth Anand,"Priyanka Chopra Jonas, Ranbir Kapoor, Carl Marino"
Ankahee (tt0495022),2329,10678,0.154,0.107,1,6,11,0,0,"Drama, Romance, Thriller",1,151,Vikram Bhatt,"Aftab Shivdasani, Ameesha Patel, Esha Deol"
Ankur Arora Murder Case (tt2912578),2367,10435,0.145,0.121,1,7.5,10,0,0,"Drama, Thriller",0,129,Sohail Tatari,"Kay Kay Menon, Visshesh Tiwari, Tisca Chopra"
Ansh The Deadly Part (tt0315777),3051,15672,0.154,0.13,1,1.75,1.28,0,0,"Crime, Drama, Thriller",1,180,Rajan Johri,"Om Puri, Ashutosh Rana, Abbas"
Anthony Kaun Hai (tt0800981),1398,6329,0.149,0.138,0.999,9,8.8,0,0,"Mystery, Thriller",0,127,Raj Kaushal,"Sanjay Dutt, Arshad Warsi, issha Lamba"
Antim The Final Truth (tt13491110),2598,10721,0.148,0.136,0.999,48,59.11,0,0,"Action, Crime, Drama",0,138,Mahesh Manjrekar,"Salman Khan, Aayush Sharma, Mahima Makwana"
Anwar (tt0953306),2272,10382,0.193,0.122,1,3,1.2,0,0,"Drama, Romance, Thriller",0,144,Manish Jha,"Siddharth Koirala, Nauheed Cyrusi, Manisha Koirala"
Apaharan (tt0451631),3101,14124,0.119,0.114,0.964,11,15.66,0,0,"Action, Crime, Drama",1,173,Prakash Jha,"Ajay Devgn, Nana Patekar, Bipasha Basu"
Apna Asmaan (tt1073097),3640,15299,0.134,0.101,1,3,0.17,0,0,"Drama, Sci-Fi",0,110,Kaushik Roy,"Irrfan Khan, Shobana, Dhruv Piyush Panjuani"
Apna Sapna Money Money (tt0493437),2870,11768,0.144,0.081,1,9.5,20.13,0,0,"Comedy, Musical, Romance",0,134,Sangeeth Sivan,"Riteish Deshmukh, Shreyas Talpade, Riya Sen"
Apne (tt0814014),1615,7203,0.182,0.091,1,20,39.28,0,0,"Action, Drama, Sport",0,173,Anil Sharma,"Dharmendra, Sunny Deol, Bobby Deol"
Apradhi Kaun (tt0482891),2241,10411,0.113,0.152,-1,0.5,0.27,0,0,Thriller,0,151,Mohan Bhakri,"Ram Asra, Mehak Dhanoa, Madhu"
Apurva (tt25434258),1377,5304,0.132,0.135,-0.981,5,7,0,0,"Drama, Thriller",1,95,Nikhil Nagesh Bhat,"Tara Sutaria, Rajpal Naurang Yadav, Abhishek Banerjee"
Arjun Patiala (tt7881524),2429,10314,0.163,0.115,1,25,9.26,0,0,"Action, Comedy",0,107,Rohit Jugraj,"Diljit Dosanjh, Kriti Sanon, Varun Sharma"
Arjun The Warrior Prince (tt2404027),1113,4712,0.142,0.131,0.997,7.5,2.44,0,0,"Animation, Action, Adventure",0,96,"Arnab Chaudhuri, Pavan Buragohain, K.K. Raina","Yudhveer Bakoliya, Ashok Banthia, Ravi Khanvilkar"
Armaan (tt0331851),2288,10822,0.12,0.091,1,10,14.9,0,0,"Drama, Family, Romance",0,158,Honey Irani,"Amitabh Bachchan, Anil Kapoor, Preity G Zinta"
Asambhav (tt0368580),2050,9190,0.158,0.11,1,13,5.16,0,0,"Action, Adventure, Drama",0,139,Rajiv Rai,"Arjun Rampal, Naseeruddin Shah, Priyanka Chopra Jonas"
Astitva (tt0261545),1316,6837,0.125,0.072,1,1.5,2.48,0,0,Drama,1,109,Mahesh Manjrekar,"Tabu, Sachin Khedekar, Mohnish Behl"
Ateet (tt8265146),1095,5672,0.164,0.125,1,5,1,0,0,Thriller,0,120,Tanuj Bhramar,"Rajeev Khandelwal, Priyamani, Sanjay Suri"
Atithi Bhooto Bhava (tt13892718),2907,12975,0.151,0.079,1,10,2,0,0,"Comedy, Drama, Romance",0,114,Hardik Gajjar,"Pratik Gandhi, Shar Segal, Sunil Shakya"
Atithi Tum Kab Jaoge (tt1578116),2991,12628,0.157,0.099,1,17,33,0,0,Comedy,0,155,Ashwani Dhir,"Ajay Devgn, Konkona Sen Sharma, Paresh Rawal"
Atkan Chatkan (tt12969078),1166,6134,0.173,0.065,1,5.5,6,0,0,"Drama, Musical",0,126,Shiv Hare,"Lydian Nadhaswaram, Sachin Chaudhary, Tamanna Dipak"
Atrangi Re (tt9766332),2350,10164,0.186,0.112,1,100,121,0,1,"Comedy, Drama, Fantasy",0,138,Aanand L. Rai,"Dhanush, Sara Ali Khan, Akshay Kumar"
Aurangzeb (tt2804026),1638,9745,0.111,0.126,-0.999,22,35,0,0,"Action, Drama, Thriller",1,137,Atul Sabharwal,"Arjun Kapoor, Zahrah S Khan, Prithviraj Sukumaran"
Auron Mein Kahan Dum Tha (tt26659814),2018,8609,0.13,0.087,1,100,15.79,0,0,"Action, Crime, Drama",0,150,Neeraj Pandey,"Ajay Devgn, Tabu, Jimmy Shergill"
Awara Paagal Deewana (tt0319020),2249,10875,0.101,0.121,-1,13,27.6,0,0,"Action, Comedy, Crime",0,158,Vikram Bhatt,"Akshay Kumar, Suniel Shetty, Aftab Shivdasani"
Awarapan (tt1020937),1647,7906,0.149,0.136,0.996,18,12.18,0,0,"Action, Crime, Drama",1,126,Mohit Suri,"Emraan Hashmi, Mrinalini Sharma, Ashish Vidyarthi"
Azhar (tt4906984),2993,12546,0.171,0.088,1,40,52.55,0,0,"Biography, Drama, Sport",0,130,Anthony D'Souza,"Emraan Hashmi, Nargis Fakhri, Prachi Desai"
B.A. Pass 3 (tt14490618),688,3129,0.149,0.125,0.998,20,6,1,0,"Drama, Romance",1,136,Narendra Singh,"Sunny Sachdeva, Armaan Sandhu, Ankita Sahu"
Baabul (tt0419468),1940,10340,0.195,0.104,1,26,39.56,0,0,"Drama, Family, Romance",0,169,Ravi Chopra,"Amitabh Bachchan, Salman Khan, Hema Malini"
Baadshaho (tt4906960),2102,9722,0.115,0.12,-0.998,90,125.44,0,0,"Action, Adventure, Thriller",0,136,Milan Luthria,"Ajay Devgn, Ileana D'Cruz, Emraan Hashmi"
Baaghi (tt4864932),1318,5611,0.17,0.101,1,35,129,0,0,"Action, Drama, Romance",0,133,Sabbir Khan,"Tiger Shroff, Shraddha Kapoor, Sudheer Babu Posani"
Baaghi 3 (tt8366590),2465,9782,0.13,0.118,0.999,90,137.5,1,0,"Action, Thriller",0,143,Ahmed Khan,"Tiger Shroff, Riteish Deshmukh, Shraddha Kapoor"
Baaghi 4 (tt6203702),2208,9463,0.119,0.183,-1,80,94.14,1,0,"Action, Drama, Thriller",0,157,Harsha,"Tiger Shroff, Sanjay Dutt, Harnaaz Sandhu"
Baar Baar Dekho (tt5197544),583,2517,0.189,0.071,1,53,62.6,0,0,"Action, Comedy, Drama",0,141,Nitya Mehra,"Sidharth Malhotra, Katrina Kaif, Sayani Gupta"
Baaz A Bird in Danger (tt0349115),1825,8390,0.169,0.126,1,6.2,4.8,0,0,"Mystery, Thriller",0,180,Tinnu Verma,"Jackie Shroff, Suniel Shetty, Karisma Kapoor"
Baazaar (tt6514196),1923,8646,0.164,0.082,1,34,40,0,0,"Crime, Drama, Thriller",0,137,"Gauravv K. Chawla, Samuel Wilde","Chitrangda Singh, Radhika Apte, Saif Ali Khan"
Babli Bouncer (tt19838608),1201,6322,0.114,0.108,0.999,30,5,0,0,"Comedy, Drama",0,118,Madhur Bhandarkar,"Tamannaah Bhatia, Sahil Vaid, Karan Singh Chhabra"
Babloo Bachelor (tt9448946),2514,12638,0.186,0.096,1,9,2,0,0,Comedy,0,130,Agnidev Chatterjee,"Aakkash Dabhade, Akshat, Govardhan Asrani"
Babloo Happy Hai (tt3426144),2332,16661,0.173,0.088,1,4.5,0.29,0,0,"Comedy, Drama, Romance",1,113,Nila Madhab Panda,"Sahil Anand, Erica Fernandes, Harish Chhabra"
Babumoshai Bandookbaaz (tt6711660),1957,8379,0.15,0.147,-0.885,5,18.24,0,0,"Action, Comedy, Crime",1,122,Kushan Nandy,"Nawazuddin Siddiqui, Bidita Bag, Jatin Goswami"
Baby John (tt27757805),3156,13160,0.165,0.124,1,85,59,0,1,"Action, Drama, Thriller",0,159,Kalees,"Wamiqa Gabbi, Salman Khan, Keerthy Suresh"
Bachchhan Paandey (tt10699086),3109,13424,0.156,0.144,0.998,180,74.2,0,1,"Action, Comedy, Crime",0,147,Farhad Samji,"Akshay Kumar, Kriti Sanon, Jacqueline Fernandez"
Bachke Rehna Re Baba (tt0451639),1106,5074,0.164,0.096,1,6,5.36,0,0,"Comedy, Drama, Romance",1,130,Govind Menon,"Rekha, Mallika Sherawat, Paresh Rawal"
Bachna Ae Haseeno (tt1182972),2750,12626,0.158,0.099,1,30,75,0,1,"Comedy, Drama, Romance",0,152,Siddharth Anand,"Ranbir Kapoor, Deepika Padukone, Bipasha Basu"
Bad Newz (tt24517830),3279,14310,0.222,0.096,1,80,115.25,1,0,"Comedy, Romance",0,142,Anand Tiwari,"Vicky Kaushal, Triptii Dimri, Ammy Virk"
Badal (tt0247944),2898,13116,0.145,0.163,-1,10,26.41,0,0,"Action, Crime, Drama",1,166,Raj Kanwar,"Bobby Deol, Rani Mukerji, Mayuri Kango"
Badhaai Do (tt11934846),2779,11054,0.132,0.102,1,30,28.15,1,0,"Comedy, Drama, Romance",0,147,Harshavardhan Kulkarni,"Rajkummar Rao, Bhumi Pednekar, Chum Darang"
Badhaai Ho Badhaai (tt0325041),2730,11843,0.199,0.091,1,7.75,6.04,0,0,"Comedy, Drama, Musical",0,155,Satish Kaushik,"Anil Kapoor, Rana Jung Bahadur, S.K. Batra"
Badla (tt8130968),2250,10392,0.148,0.106,1,37,138.49,0,0,"Crime, Drama, Mystery",0,118,Sujoy Ghosh,"Amitabh Bachchan, Taapsee Pannu, Antonio Aakeel"
Badlapur (tt3678782),1979,9209,0.162,0.136,1,25,103,0,0,"Action, Crime, Drama",1,134,Sriram Raghavan,"Varun Dhawan, Nawazuddin Siddiqui, Yami Gautam"
Badmaash Company (tt1602476),2440,11207,0.137,0.109,1,29,52.98,0,0,"Comedy, Crime, Drama",0,142,Parmeet Sethi,"Shahid Kapoor, Anushka Sharma, Meiyang Chang"
Badmashiyaan (tt4511416),2905,12394,0.156,0.115,1,0.75,1.03,0,0,"Comedy, Romance",0,128,Amit Khanna,"Sidhant Gupta, Suzanna Mukherjee, Gunjan Malhotra"
Badnaam Gali (tt10318332),1852,8483,0.131,0.101,1,3,5,0,0,Comedy,0,95,Ashwin Shetty,"Patralekhaa Paul, Divyendu Sharma, Dolly Ahluwalia"
Bajatey Raho (tt2848824),1723,9629,0.19,0.098,1,2,6.3,0,0,"Comedy, Drama, Thriller",0,110,Shashant Shah,"Tusshar Kapoor, Vinay Pathak, Ranvir Shorey"
Bajirao Mastani (tt3735246),1901,8760,0.171,0.095,1,145,356.2,0,1,"Action, Drama, History",0,158,Sanjay Leela Bhansali,"Ranveer Singh, Deepika Padukone, Priyanka Chopra Jonas"
Bajrangi Bhaijaan (tt3863552),2047,7043,0.113,0.088,1,75,918.18,0,1,"Action, Adventure, Comedy",0,163,Kabir Khan,"Salman Khan, Harshaali Malhotra, Nawazuddin Siddiqui"
Bal Ganesh (tt6449730),1255,6390,0.19,0.1,1,3.75,69,1,0,"Animation, Family",0,105,Pankaj Sharma,"Ashar Shaikh, Adarsh Gautam, Namrata Sawhney"
Bala (tt9420648),2923,12913,0.147,0.095,1,35,172,0,0,Comedy,0,133,Amar Kaushik,"Ayushmann Khurrana, Bhumi Pednekar, Yami Gautam"
Balwinder Singh Famous Ho Gaya (tt4087770),3494,16950,0.155,0.081,1,7,0.57,0,0,Comedy,0,136,Sunil Agnihotri,"Govardhan Asrani, Gabriela Bertante, Mikhill Chandiramani"
Bamfaad (tt11730940),1723,7948,0.136,0.105,1,5,3,0,0,Romance,0,102,Ranjan Chandel,"Aditya Rawal, Shalini Pandey, Vijay Varma"
Banaras (tt0449189),1083,4796,0.17,0.084,1,6,3,0,0,"Musical, Drama",0,122,Pankaj Parashar,"Urmila Matondkar, Ashmit Patel, Dimple Kapadia"
Band Baaja Baaraat (tt1610452),2745,12692,0.153,0.097,1,13,96,0,0,"Comedy, Drama, Romance",0,139,Maneesh Sharma,"Ranveer Singh, Anushka Sharma, Ranjit Batra"
Bandook (tt2318401),1502,7348,0.137,0.143,-0.998,4,2.1,0,0,"Crime, Thriller",1,132,Aditya Om,"Manisha Kelkar, Arshad Khan, Ashish Kotwal"
Bangistan (tt3422462),1539,7060,0.189,0.133,1,29,8.6,0,0,"Comedy, Drama",0,135,Karan Anshuman,"Jacqueline Fernandez, Riteish Deshmukh, Michalina Olszanska"
Banjo (tt5755606),2530,9006,0.202,0.098,1,13.24,12.22,0,0,"Action, Drama, Music",0,137,Ravi Jadhav,"Riteish Deshmukh, Nargis Fakhri, Aditya Kumar"
Bank Chor (tt3611266),3168,12909,0.124,0.112,0.998,15,10.17,0,0,"Action, Comedy, Crime",0,120,Bumpy,"Riteish Deshmukh, Vivek Oberoi, Rhea Chakraborty"
Barah Aana (tt1202517),1587,6708,0.16,0.09,1,4.5,0.86,0,0,"Comedy, Crime, Drama",0,97,Raja Menon,"Naseeruddin Shah, Vijay Raaz, Arjun Mathur"
Baramulla (tt29247040),1653,6203,0.131,0.1,1,5,7,0,0,"Crime, Horror, Mystery",0,136,Aditya Suhas Jambhale,"Manav Kaul, Bhasha Sumbli, Arista Mehta"
Bardaasht (tt0409724),1055,5084,0.126,0.119,0.992,8,2.96,0,0,"Action, Crime, Drama",0,155,Eeshwar Nivas,"Bobby Deol, Lara Dutta, Rahul Dev"
Barfi! (tt2082197),283,1447,0.165,0.096,0.999,50,188,0,0,"Comedy, Drama, Romance",0,151,Anurag Basu,"Ranbir Kapoor, Priyanka Chopra Jonas, Ileana D'Cruz"
Barkhaa (tt4556848),1965,9562,0.182,0.083,1,2,1,0,0,"Drama, Romance",1,127,Shadaab Mirza,"Sara Loren, Priyanshu Chatterjee, Muntazir Ahmad"
Barot House (tt10671436),1329,5059,0.152,0.133,0.991,3,10,0,0,"Mystery, Thriller",1,89,Bugs Bhargava Krishna,"Amit Sadh, Manjari Fadnnis, Aaryan Menghji"
Bas Ek Pal (tt0808164),1959,8704,0.175,0.107,1,4.75,0.84,0,0,"Drama, Romance, Thriller",1,150,Onir,"Juhi Chawla, Urmila Matondkar, Jimmy Shergill"
Bastar The Naxal Story (tt28221135),1399,6540,0.184,0.075,1,15,4.04,0,0,"Action, Crime, Drama",1,124,"Sudipto Sen, Vipul Amrutlal Shah","Adah Sharma, Shah Zain Alam, Purnendu Bhattacharya"
Batla House (tt8869978),2548,11349,0.16,0.117,1,56,113.56,0,1,"Action, Crime, Drama",0,146,Nikkhil Advani,"John Abraham, Mrunal Thakur, Ravi Kishan"
Batti Gul Meter Chalu (tt7720922),3151,13253,0.155,0.102,1,55,58.4,0,0,Drama,0,161,Shree Narayan Singh,"Shahid Kapoor, Shraddha Kapoor, Divyendu Sharma"
Bawaal (tt19755170),2597,11314,0.149,0.125,1,10,20,0,0,"Action, Drama, Romance",0,137,Nitesh Tiwari,"Varun Dhawan, Janhvi Kapoor, Manoj Pahwa"
Bawri Chhori (tt11368252),1017,6438,0.162,0.128,1,2,3,0,0,Drama,0,82,"Akhilesh Jaiswal, Umang Dev Shukla","Dhala Ram Prajapat, Md Faisal Ahmed, Sagar Arya"
Bbuddah... Hoga Terra Baap (tt1869296),1058,4688,0.166,0.096,1,10,21,0,0,"Action, Comedy, Crime",0,114,Puri Jagannadh,"Amitabh Bachchan, Hema Malini, Sonu Sood"
Befikre (tt5108476),1969,8522,0.222,0.123,1,70,103.98,0,0,"Comedy, Drama, Romance",0,130,Aditya Chopra,"Ranveer Singh, Vaani Kapoor, Djinda Kane"
Begum Jaan (tt5785116),2371,10278,0.128,0.122,0.996,19,20.91,0,1,"Action, Drama, History",1,128,Srijit Mukherji,"Amitabh Bachchan, Pallavi Sharda, Flora Saini"
Behen Hogi Teri (tt6537508),1841,7812,0.191,0.088,1,13,3.05,0,0,Comedy,0,128,"Ajay Pannalal, Mariam Sadat","Rajkummar Rao, Shruti Haasan, Gautam Gulati"
Beiimaan Love (tt5227468),2271,9654,0.216,0.097,1,2.1,3.11,0,0,"Drama, Romance, Thriller",1,120,Rajeev Chaudhari,"Sunny Leone, Rajneesh Duggal, Daniel Weber"
Bekhudi (tt15523028),1379,7858,0.171,0.097,1,7,1,0,0,"Romance, Thriller",0,122,Amit Kasaria,"Adhyayan Suman, Angel, Anurag Sharma"
Benny and Babloo (tt1740662),2332,16661,0.173,0.088,1,4.75,0.1,0,1,"Comedy, Drama",1,123,Yunus Sajawal,"Kay Kay Menon, Rajpal Naurang Yadav, Aashif Sheikh"
Besharam (tt2576450),2482,9904,0.153,0.115,1,85,102.85,0,1,"Action, Comedy, Romance",0,143,Abhinav Kashyap,"Ranbir Kapoor, Pallavi Sharda, Rishi Kapoor"
Bewafaa (tt0363472),1473,10347,0.206,0.077,1,18,33.18,0,0,"Drama, Romance",0,151,Dharmesh Darshan,"Anil Kapoor, Akshay Kumar, Kareena Kapoor"
Bewakoofiyaan (tt3483646),2264,11264,0.168,0.117,1,22,22.98,0,0,"Comedy, Drama, Romance",0,119,Nupur Asthana,"Ayushmann Khurrana, Sonam Kapoor, Rishi Kapoor"
Bezubaan Ishq (tt4760750),2210,11623,0.171,0.108,1,15,0.1,0,0,"Musical, Romance",0,128,Jashwant Gangani,"Mugdha Godse, Sneha Ullal, Nishant Malkani"
Bhaag Johnny (tt3619710),1465,6364,0.149,0.131,0.998,12.5,1.83,0,0,"Action, Fantasy, Thriller",1,118,"Shivam Nair, Amit Patel","Kunal Kemmu, Zoa Morani, Mandana Karimi"
Bhaag Milkha Bhaag (tt2356180),1896,7375,0.188,0.105,1,41,169.96,0,0,"Biography, Drama, Sport",0,186,Rakeysh Omprakash Mehra,"Farhan Akhtar, Kousi Orfahli, Deepak Singh Rawat"
Bhagam Bhag (tt0805184),3226,17034,0.148,0.108,1,22,67.34,0,1,"Comedy, Drama, Mystery",0,157,Priyadarshan,"Akshay Kumar, Govinda, Paresh Rawal"
Bhai Thakur (tt0271996),2255,10915,0.209,0.07,1,4,8,0,0,"Action, Drama",0,118,"William Hunt, Raja, Willy","Dharmendra, Siddique Durrani, Dinesh Hingoo"
Bhaiyya Ji (tt28654369),1759,7889,0.132,0.142,-0.999,20,11.76,0,0,"Action, Drama",0,150,Apoorv Singh Karki,"Manoj Bajpayee, Vipin Sharma, Zoya Hussain"
Bhakshak (tt27936770),2734,14109,0.11,0.12,-1,55,65.78,0,0,"Crime, Drama",1,134,Pulkit,"Bhumi Pednekar, Sanjay Mishra, Aditya Srivastav"
Bhangra Paa Le (tt9766280),1690,7945,0.199,0.071,1,8,3,0,0,"Comedy, Drama, Music",0,131,Sneha Taurani,"Sunny Kaushal, Rukshar Dhillon, Shriya Pilgaonkar"
Bharat (tt7721800),2830,12741,0.154,0.077,1,100,325.88,0,1,"Action, Comedy, Drama",0,150,Ali Abbas Zafar,"Salman Khan, Katrina Kaif, Sunil Grover"
Bhavesh Joshi Superhero (tt6129302),1487,6415,0.099,0.127,-1,21,4.75,0,0,"Action, Drama",0,154,Vikramaditya Motwane,"Harshvardhan Kapoor, Priyanshu Painyuli, Ashish Verma"
Bhediya (tt14099334),2731,11641,0.13,0.123,0.991,60,94.91,1,0,"Comedy, Horror, Thriller",0,156,Amar Kaushik,"Varun Dhawan, Kriti Sanon, Abhishek Banerjee"
Bheed (tt15680228),2042,9021,0.107,0.104,-0.807,25,3.33,0,0,"Drama, History",0,124,Anubhav Sinha,"Rajkummar Rao, Pankaj Kapur, Bhumi Pednekar"
Bheja Fry (tt1014672),1731,7657,0.122,0.091,1,1.5,8.98,0,0,"Comedy, Drama",0,95,Sagar Ballary,"Vinay Pathak, Rajat Kapoor, Sarika Thakur"
Bheja Fry 2 (tt1939654),3461,14750,0.179,0.086,1,9.5,12.49,1,0,"Comedy, Drama",0,129,Sagar Ballary,"Vinay Pathak, Kay Kay Menon, issha Lamba"
Bhindi Baazaar Inc. (tt1667823),1575,6861,0.096,0.131,-1,5,1.61,0,0,"Crime, Drama, Thriller",1,157,Ankush Bhatt,"Kay Kay Menon, Prashant Narayanan, Pawan Malhotra"
Bhola in Bollywood (tt0497887),3312,13617,0.175,0.105,1,0.45,0.045,0,0,Comedy,0,137,Sumbul Gazi,"Ali Asgar, Raj Babbar, Suresh Chatwal"
Bholaa (tt15302222),1911,8045,0.12,0.108,0.999,100,123,0,1,"Action, Crime, Drama",0,144,Ajay Devgn,"Ajay Devgn, Tabu, Abhishek Bachchan"
Bhool Bhulaiyaa (tt0995031),2825,13653,0.137,0.103,1,32,82.84,0,1,"Comedy, Horror, Mystery",0,159,Priyadarshan,"Akshay Kumar, Vidya Balan, Shiney Ahuja"
Bhool Bhulaiyaa 2 (tt6455162),2488,10720,0.174,0.115,1,80,265.5,1,0,"Comedy, Horror",0,143,Anees Bazmee,"Tabu, Kartik Aaryan, Kiara Advani"
Bhool Bhulaiyaa 3 (tt26932223),2086,10922,0.135,0.111,1,160,423,1,1,"Comedy, Fantasy, Horror",0,158,Anees Bazmee,"Kartik Aaryan, Vidya Balan, Madhuri Dixit"
Bhool Chuk Maaf (tt32058735),3348,15605,0.166,0.103,1,50,90.78,0,0,"Comedy, Fantasy, Romance",0,140,Karan Sharma,"Rajkummar Rao, Wamiqa Gabbi, Sanjay Mishra"
Bhoot (tt0341266),605,2494,0.078,0.159,-1,6,23.96,0,0,"Horror, Mystery, Thriller",1,113,Ram Gopal Varma,"Ajay Devgn, Urmila Matondkar, Nana Patekar"
Bhoot Police (tt10083640),2148,8264,0.167,0.14,1,40,45,0,1,"Comedy, Horror",0,129,Pavan Kirpalani,"Saif Ali Khan, Arjun Kapoor, Jacqueline Fernandez"
Bhoot Returns (tt2406636),1108,4314,0.132,0.116,0.998,7,6.39,1,0,"Horror, Mystery, Thriller",1,85,Ram Gopal Varma,"J.D. Chakravarthi, Madhu Shalini, Alayana Sharma"
Bhoothnath (tt0991346),2518,11248,0.096,0.115,-0.999,20,38.89,0,0,"Comedy, Drama, Family",0,150,Vivek Sharma,"Amitabh Bachchan, Juhi Chawla, Satish Shah"
Bhoothnath Returns (tt3531852),2566,13661,0.17,0.108,1,40,60.32,1,0,"Comedy, Drama, Fantasy",0,155,Nitesh Tiwari,"Amitabh Bachchan, Boman Irani, Parth Bhalerao"
Bhopal A Prayer for Rain (tt0839742),1729,7458,0.168,0.106,1,40,1.36,0,0,Drama,0,96,Ravi Kumar,"Mischa Barton, Martin Sheen, Kal Penn"
Bhuj The Pride of India (tt10062556),1353,5950,0.131,0.133,-0.992,100,112,0,1,"Action, Drama, History",0,113,Abhishek Dudhaiya,"Ajay Devgn, Sanjay Dutt, Sonakshi Sinha"
Bichhoo (tt0252277),2149,9293,0.11,0.143,-1,7.75,15.42,0,0,"Action, Crime, Drama",1,160,Guddu Dhanoa,"Bobby Deol, Rani Mukerji, Ashish Vidyarthi"
Big Brother (tt0476762),1266,5855,0.127,0.111,0.998,8,4.94,0,0,"Action, Crime, Drama",0,128,Guddu Dhanoa,"Sunny Deol, Priyanka Chopra Jonas, Vikas Anand"
Billu (tt1230448),2310,15541,0.15,0.087,1,27,47.45,0,0,"Comedy, Drama",0,137,Priyadarshan,"Irrfan Khan, Lara Dutta, Om Puri"
Bin Bulaye Baraati (tt1947973),2950,11905,0.175,0.117,1,10,2,0,0,"Action, Comedy, Crime",1,133,Chandrakant Singh,"Naushaad Abbas, Rati Agnihotri, Shweta Bhardwaj"
Binny And Family (tt20452454),1825,9595,0.127,0.12,0.996,1.2,2.7,0,0,Drama,0,140,"Ssanjay Tripaathi, Baldev Singh","Arya Babbar, Gandhar Babre, Jamie-Lee Beacher"
Bittoo Boss (tt2347289),2103,8598,0.14,0.085,1,10,2.12,0,0,Romance,0,116,Supavitra Babul,"Pulkit Samrat, Amita Pathak, Rajesh Bakshi"
Black (tt0375611),2813,13939,0.217,0.089,1,22,66.6,0,0,Drama,0,122,Sanjay Leela Bhansali,"Amitabh Bachchan, Rani Mukerji, Shernaz Patel"
Blind (tt29762767),902,4453,0.169,0.135,0.999,10,2,0,0,Thriller,1,124,Okey Ifeanyi,"Esther Audu, Adaobi Enekwe, Ese Eriata"
Bloody Daddy (tt27501039),2133,8444,0.133,0.108,1,60,70,0,0,"Action, Crime, Drama",1,121,Ali Abbas Zafar,"Shahid Kapoor, Zeishan Quadri, Solanki Diwakar"
Bloody Ishq (tt31115432),2003,8461,0.163,0.129,1,2,0.5,0,0,Horror,1,138,"Vikram Bhatt, Manish .P. Chavan","Avika Gor, Vardhaan Puri, Jeniffer Piccinato"
Blurr (tt15048614),1719,7399,0.128,0.133,-0.999,5,1,0,0,"Drama, Horror, Thriller",1,127,Ajay Bahl,"Taapsee Pannu, Gulshan Devaiah, Abhilash Thapliyal"
Bob Biswas (tt8984572),1773,7694,0.146,0.102,1,3,1,1,0,"Action, Crime, Drama",0,131,Diya Annapurna Ghosh,"Abhishek Bachchan, Chitrangda Singh, Paran Banerjee"
Bobby Aur Rishi Ki Love Story (tt14597386),2156,10037,0.204,0.094,1,5,7,0,0,Romance,0,97,"Kunal Kohli, Elvin Raja","Nisha Aaliya, Rakesh Agrawal, Cindy Bamrah"
Bobby Jasoos (tt3359290),2667,11350,0.171,0.06,1,26,20.21,0,0,"Comedy, Drama, Thriller",0,121,Samar Iqbal,"Vidya Balan, Ali Fazal, Mahima A"
Bol Bachchan (tt1728986),2976,11750,0.152,0.098,1,70,165,0,0,"Action, Comedy",0,155,Rohit Shetty,"Ajay Devgn, Amitabh Bachchan, Abhishek Bachchan"
Bollywood Diaries (tt5216810),2014,8931,0.183,0.078,1,5,0.37,0,0,Drama,0,123,K.D. Satyam,"Raima Sen, Salim Diwan, Ashish Vidyarthi"
Bollywood Queen (tt0321494),555,2321,0.185,0.099,1,7,4.8,0,0,"Musical, Romance",0,89,Jeremy Wooding,"Preeya Kalidas, James McAvoy, Ray Panthaki"
Bombairiya (tt4971258),1793,7905,0.129,0.102,1,5,1.5,0,0,"Comedy, Crime, Drama",0,104,Pia Sukanya,"Radhika Apte, Akshay Oberoi, Siddhant Kapoor"
Bombay Talkies (tt2797242),1417,6737,0.195,0.095,1,30,8.49,0,0,"Crime, Drama",0,127,"Zoya Akhtar, Dibakar Banerjee, Karan Johar","Rani Mukerji, Randeep Hooda, Saqib Saleem"
Bombay Velvet (tt2979920),2169,9057,0.091,0.106,-1,7,6,0,0,"Action, Crime, Drama",1,149,Anurag Kashyap,"Ranbir Kapoor, Anushka Sharma, Karan Johar"
Bombay to Bangkok (tt1159917),841,3711,0.191,0.125,1,120,43.13,0,0,"Comedy, Crime, Romance",0,120,Nagesh Kukunoor,"Shreyas Talpade, Lena Christensen, Vijay Maurya"
Boss (tt2571140),1553,6863,0.122,0.15,-1,75,90.94,0,1,"Action, Comedy, Drama",0,143,Anthony D'Souza,"Akshay Kumar, Shiv Panditt, Mithun Chakraborty"
Brahman Naman (tt5240748),1530,7102,0.142,0.103,1,6,2,0,0,Comedy,1,95,Qaushiq Mukherjee,"Shashank Arora, Tanmay Dhanania, Chaitanya Varad"
Break Ke Baad (tt1578261),2245,9599,0.175,0.122,1,19,29.03,0,0,"Comedy, Drama, Romance",0,118,Danish Aslam,"Imran Khan, Deepika Padukone, Namit Shah"
Buddha Mar Gaya (tt1083447),2970,12595,0.163,0.105,1,2,0.3,0,0,Comedy,1,114,Vivek Agnihotri,"Anupam Kher, Anchal Dwivedi, Mahie Gill"
Buddha in a Traffic Jam (tt1890363),2424,10318,0.156,0.103,1,4,4.5,0,0,"Crime, Thriller",1,93,Rahul Rawail,"Mona Ambegaonkar, Jitender Bhargava, Birbal"
Bulandi (tt0230055),1918,10154,0.158,0.13,1,7,9.1,0,0,"Action, Drama",0,175,Rama Rao Tatineni,"Anil Kapoor, Rekha, Raveena Tandon"
Bulbbul (tt12393526),772,3243,0.107,0.129,-0.998,3,9,0,0,"Drama, Horror, Mystery",1,94,Anvita Dutt,"Triptii Dimri, Avinash Tiwary, Rahul Bose"
Bullet Ek Dhamaka (tt0483239),1977,9607,0.129,0.122,0.835,5,0.46,0,0,"Action, Drama",1,137,Irfan Khan,"Saayli Buva, Natalya Gudkova, Iqbal Khan"
Bullett Raja (tt2551378),2332,10000,0.141,0.143,-0.982,51,55.43,0,0,"Action, Crime, Drama",0,138,"Tigmanshu Dhulia, Ajit Sable, Sanjiv Trigunayat","Saif Ali Khan, Sonakshi Sinha, Vidyut Jammwal"
Bumm Bumm Bole (tt1629241),1792,7751,0.122,0.082,1,7,1.34,0,0,"Drama, Family, Thriller",0,124,Priyadarshan,"Atul Kulkarni, Rituparna Sengupta, Darsheel Safary"
Bunty Aur Babli (tt0448206),1201,6322,0.114,0.108,0.999,14,64,0,0,"Comedy, Drama, Romance",0,170,Shaad Ali,"Abhishek Bachchan, Rani Mukerji, Amitabh Bachchan"
Bunty Aur Babli 2 (tt10569922),1201,6322,0.114,0.108,0.999,45,22.12,1,0,"Comedy, Crime, Romance",0,138,Varun V. Sharma,"Saif Ali Khan, Rani Mukerji, Siddhant Chaturvedi"
Bypass Road (tt9176260),1331,5388,0.119,0.173,-1,25,1.16,0,0,"Drama, Mystery, Thriller",0,137,Naman Nitin Mukesh,"Neil Nitin Mukesh, Adah Sharma, Gul Panag"
C Kkompany (tt1170399),1950,9097,0.133,0.099,1,12,3.49,0,0,"Comedy, Drama, Thriller",0,127,Sachin Yardi,"Tusshar Kapoor, Anupam Kher, Rajpal Naurang Yadav"
CTRL (tt12736014),1670,7670,0.146,0.122,0.999,0.46,4.2,0,0,"Drama, Thriller",0,99,Vikramaditya Motwane,"Ananya Panday, Vihaan Samat,Aparshakti Khurana"
Cabaret (tt5605730),1446,7500,0.144,0.149,0.933,5.75,4.34,0,0,"Drama, Musical, Thriller",1,95,"Kaustav Narayan Niyogi, Gill Shubham, Goswami Mahesh Gari Tulsigiri","Akshay Anand, Richa Chadha, Gulshan Devaiah"
Calcutta Mail (tt0366276),1737,8640,0.116,0.135,-1,15.29,29.3,0,0,"Action, Drama, Mystery",1,128,Sudhir Mishra,"Anil Kapoor, Rani Mukerji, Manisha Koirala"
Cash (tt15831978),1902,9154,0.166,0.136,1,14,5.56,0,0,"Comedy, Drama",0,118,Rishab Seth,"Amol Parashar, Smriti Kalra, Gulshan Grover"
Chaalis Chauraasi (tt2184125),2107,9650,0.131,0.122,0.998,14,2.56,0,0,"Comedy, Crime",1,120,Hriday Shetty,"Naseeruddin Shah, Kay Kay Menon, Atul Kulkarni"
Chaar Din Ki Chandni (tt2191641),3128,13138,0.186,0.099,1,4,1.56,0,0,"Comedy, Romance",0,131,Samir Karnik,"Tusshar Kapoor, Kulraj Randhawa, Anupam Kher"
Chain Kulii Ki Main Kulii (tt1016159),2206,9631,0.185,0.059,1,22,109,0,0,"Comedy, Drama, Family",0,118,Karanjeet Saluja,"Zain Khan, Rahul Bose, Kapil Dev"
Chak De! India (tt0871510),2439,11189,0.141,0.101,1,30,25.7,0,1,"Drama, Family, Sport",0,153,Shimit A,"Shah Rukh Khan, Vidya Malvade, Sagarika Ghatge"
Chakravyuh (tt2292625),2440,10515,0.125,0.134,-1,10,28,0,1,"Action, Drama, Thriller",0,152,Prakash Jha,"Manoj Bajpayee, Arjun Rampal, Om Puri"
Chal Chala Chal (tt1438486),3679,17450,0.131,0.118,1,8,1.78,0,0,"Action, Comedy, Crime",0,138,T.K. Rajeev Kumar,"Govardhan Asrani, Asif Basra, Kaluram Dhobale"
Chal Chalein (tt1986788),3176,13094,0.167,0.084,1,5.5,0.55,0,0,Drama,0,148,Ujjwal Singh,"Javed Abedi, Anand Abhyankar, Adityansh"
Chal Mere Bhai (tt0245825),2164,10653,0.161,0.092,1,14,22.28,0,0,"Comedy, Romance",0,136,David Dhawan,"Sanjay Dutt, Salman Khan, Karisma Kapoor"
Chalk n Duster (tt4600778),2610,10442,0.177,0.064,1,12,2.22,0,0,Drama,0,130,Jayant Gilatar,"Richa Chadha, Shabana Azmi, Arya Babbar"
Challo Driver (tt2251552),1689,10523,0.18,0.052,1,3,0.12,0,0,Comedy,0,95,Vickrant Mahajan,"Vickrant Mahajan, Kainaz Motivala, Prem Chopra"
Chalo Dilli (tt1884268),2695,11367,0.167,0.088,1,9.5,6.22,0,0,"Comedy, Drama",0,155,"Shashant Shah, Inderjeet Singh","Vinay Pathak, Lara Dutta, Yana Gupta"
Chalo Ishq Ladaaye (tt0348824),854,6056,0.151,0.137,0.996,4,1.7,0,0,"Action, Comedy, Romance",0,140,Aziz Sejawal,"Govinda, Kader Khan, Rani Mukerji"
Chalte Chalte (tt0346723),2932,15221,0.151,0.101,1,11,43.28,0,0,"Drama, Romance",0,167,Aziz Mirza,"Shah Rukh Khan, Rani Mukerji, Jas Arora"
Chaman Bahaar (tt8747450),1836,7119,0.164,0.089,1,2,7,0,0,"Comedy, Drama",0,111,Apurva Dhar Badgaiyan,"Jitendra Kumar, Ritika Badiani, Bhuvan Arora"
Chance Pe Dance (tt1392744),669,3239,0.139,0.069,1,29,32.21,0,0,"Comedy, Drama, Music",0,122,Ken Ghosh,"Shahid Kapoor, Genelia Deshmukh, Mohnish Behl"
Chandigarh Kare Aashiqui (tt12861850),2236,10013,0.177,0.114,1,40,41.23,0,0,"Crime, Drama",0,117,Abhishek Kapoor,"Ayushmann Khurrana, Vaani Kapoor, Yograj Singh"
Chandni Bar (tt0267363),2526,9756,0.113,0.094,1,1.5,6.68,0,0,"Crime, Drama",1,150,Madhur Bhandarkar,"Tabu, Atul Kulkarni, Rajpal Naurang Yadav"
Chandu Champion (tt27470893),1956,8039,0.208,0.101,1,140,96,0,0,"Action, Biography, Drama",0,142,Kabir Khan,"Kartik Aaryan, Vijay Raaz, Bhuvan Arora"
Charlie Kay Chakkar Mein (tt2190820),2507,12092,0.116,0.139,-1,3.5,0.01,0,0,Thriller,1,102,Manish Srivastav,"Naseeruddin Shah, Nishant Lal, Disha Arora"
Chashme Baddoor (tt2229848),2692,11458,0.21,0.109,1,22,59.07,0,0,"Comedy, Drama",0,121,David Dhawan,"Ali Zafar, Siddharth, Divyendu Sharma"
Chatrapathi (tt13545522),2149,9281,0.143,0.113,1,50,3,0,0,"Action, Drama",0,124,"V.V. Vinayak, Safdar Abbas","Sai Srinivas Bellamkonda, Nushrratt Bharuccha, Karan Singh Chhabra"
Chatur Singh Two Star (tt1363363),2184,12324,0.122,0.123,-0.998,25,3.2,0,0,"Action, Adventure, Comedy",0,110,Ajay Chandhok,"Sanjay Dutt, Ameesha Patel, Anupam Kher"
Cheeni Kum (tt0976026),1211,5175,0.151,0.14,0.998,11,32.3,0,0,"Comedy, Drama, Romance",0,140,R Balki,"Amitabh Bachchan, Tabu, Paresh Rawal"
Chehraa (tt0449870),953,4210,0.13,0.132,-0.995,4,0.42,0,0,Thriller,0,136,Saurabh Shukla,"Bipasha Basu, Dino Morea, Preeti Jhangiani"
Chehre (tt10309902),2705,12011,0.177,0.144,1,30,8.26,0,0,"Drama, Mystery, Thriller",0,139,Rumi Jaffery,"Amitabh Bachchan, Emraan Hashmi, Krystle D'Souza"
Chennai Express (tt2112124),1920,10078,0.143,0.108,1,115,424,0,1,"Action, Comedy, Romance",0,141,Rohit Shetty,"Deepika Padukone, Shah Rukh Khan, Sathyaraj"
Chhaava (tt27922706),1793,8043,0.175,0.108,1,130,797,0,0,"Action, Drama, History",0,161,Laxman Utekar,"Vicky Kaushal, Akshaye Khanna, Rashmika Mandanna"
Chhalaang (tt8983164),2877,13081,0.158,0.089,1,15,17,0,1,"Comedy, Drama, Sport",0,136,Hansal Mehta,"Rajkummar Rao, Nushrratt Bharuccha, Mohd. Zeeshan Ayyub"
Chhapaak (tt9614460),1876,8671,0.134,0.116,1,50,55.5,0,0,"Biography, Drama",0,120,Meghna Gulzar,"Deepika Padukone, Vikrant Massey, Madhurjeet Sarghi"
Chhatriwali (tt15516226),2619,10336,0.176,0.082,1,15,0.5,0,0,"Comedy, Drama",0,116,Tejas Prabha Vijay Deoskar,"Rakul Preet Singh, Sumeet Vyas, Satish Kaushik"
Chhodo Kal Ki Baatein (tt2343417),2225,10158,0.197,0.084,1,2,7.5,0,0,"Comedy, Drama, Family",0,128,Pramod Joshi,"Anupam Kher, Sachin Khedekar, Atul Parchure"
Chhorii (tt12861212),1206,5025,0.151,0.119,1,15,18,0,0,"Drama, Horror, Thriller",1,129,Vishal Furia,"Nushrratt Bharuccha, Mita Vashisht, Yaaneea Bharadwaj"
Chhorii 2 (tt16436848),1299,5363,0.144,0.108,1,50,2.82,1,0,Horror,1,132,Vishal Furia,"Nushrratt Bharuccha, Saurabh Goyal, Soha Ali Khan"
Chhota Bheem and the Curse of Damyaan (tt29114624),2144,9591,0.189,0.099,1,40,2.82,1,0,"Action, Adventure, Comedy",0,145,Rajiv Chilaka,"Yagya Bhasin, Sanjay Bishnoi, Shaji Chaudhary"
Chhota Bheem and the Throne of Bali (tt3324810),2144,9591,0.189,0.099,1,5,5.38,1,0,"Animation, Action, Adventure",0,130,Rajiv Chilaka,"Rupa Bhimani, Vivaan Bhimani, Parignya Pandya Shah"
Chhupa Rustam A Musical Thriller (tt0279021),1165,8127,0.174,0.105,1,3.25,9.47,0,0,"Drama, Musical, Romance",0,127,Aziz Sejawal,"Sanjay Kapoor, Mamta Kulkarni, Manisha Koirala"
Chingaari (tt0454429),1842,12778,0.16,0.089,1,8.5,12,0,0,Drama,1,155,Kalpana Lajmi,"Sushmita Sen, Mithun Chakraborty, Anuj Sawhney"
Chintu Ji (tt1135931),1712,10392,0.202,0.083,1,7,0.12,0,0,"Comedy, Drama",0,115,Ranjit Kapoor,"Rishi Kapoor, Priyanshu Chatterjee, Kulraj Randhawa"
Chintu Ka Birthday (tt8472964),1127,5541,0.168,0.114,1,3,0.47,0,0,"Comedy, Drama, War",0,80,"Devanshu Singh, Satyanshu Singh","Vinay Pathak, Tillotama Shome, Seema Pahwa"
Chittagong (tt1785333),1281,6258,0.122,0.12,0.98,5,0.5,0,0,"Action, Drama, War",0,105,Bedabrata Pain,"Manoj Bajpayee, Barry John, Delzad Hiwale"
Chor Chor Super Chor (tt2337292),2061,8522,0.12,0.079,1,5,0.07,0,0,"Comedy, Drama, Thriller",0,99,Rajesh. K.,"Deepak Dobriyal, Priya Bathija, Anshul Kataria"
Chor Machaaye Shor (tt0331216),3277,14713,0.158,0.132,1,8.5,13.62,0,0,"Action, Comedy",0,145,David Dhawan,"Bobby Deol, Shilpa Shetty Kundra, Bipasha Basu"
Chor Nikal Ke Bhaga (tt22297828),1900,8786,0.139,0.136,-0.821,5,9,0,0,"Crime, Drama, Thriller",1,110,Ajay Singh,"Yami Gautam, Sunny Kaushal, Sharad Kelkar"
Chori Chori (tt0326805),1844,8462,0.171,0.068,1,9,5.64,0,0,"Comedy, Romance, Musical",0,135,Milan Luthria,"Ajay Devgn, Sonali Bendre, Rani Mukerji"
Chori Chori Chupke Chupke (tt0256692),2635,10408,0.161,0.062,1,13,37.16,0,0,"Comedy, Drama, Musical",0,165,"Abbas Alibhai Burmawalla, Mastan Alibhai Burmawalla","Salman Khan, Rani Mukerji, Preity G Zinta"
Chup Chup Ke (tt0464160),3671,19536,0.116,0.102,1,12,25.5,0,0,"Comedy, Drama, Romance",0,164,"Priyadarshan, Kookie Gulati","Shahid Kapoor, Kareena Kapoor, Om Puri"
Cirkus (tt11112808),2938,13379,0.185,0.086,1,150,61.47,0,1,"Comedy, Drama",0,139,Rohit Shetty,"Ranveer Singh, Varun Sharma, Pooja Hegde"
CityLights (tt3709344),1646,7403,0.11,0.081,1,5,9,0,0,"Drama, Thriller",1,126,Hansal Mehta,"Rajkummar Rao, Patralekhaa Paul, Manav Kaul"
Class of  83 (tt10230422),1651,7791,0.121,0.127,-0.998,5,4,0,0,"Action, Crime, Drama",1,98,Atul Sabharwal,"Bobby Deol, Anup Soni, Joy Sengupta"
Cobalt Blue (tt15314640),362,1386,0.145,0.071,0.999,3,9,0,0,"Drama, Romance",1,112,Sachin Kundalkar,"Neelay Mehendale, Prateik Patil Babbar, Lovish Bhatia"
Cocktail (tt2168910),2556,11167,0.193,0.086,1,35,125.7,0,0,"Comedy, Drama, Romance",0,146,Homi Adajania,"Saif Ali Khan, Deepika Padukone, Diana Penty"
Code Name Abdul (tt6143092),1123,5172,0.15,0.123,0.999,3,0.7,0,0,"Crime, Thriller",0,114,Esh Gunturu,"Tanishaa Mukerji, Ashok Chaudhary, Akku Kulhari"
Code Name Tiranga (tt22099068),1312,5661,0.17,0.104,1,15,1.41,0,0,"Action, Drama, Thriller",0,137,Ribhu Dasgupta,"Parineeti Chopra, Harrdy Sandhu, Sharad Kelkar"
Coffee Bloom (tt3666258),1311,6198,0.138,0.108,1,6,0.47,0,0,Drama,0,90,Manu Warrier,"Arjun Mathur, Sugandha Garg, Ishwari Bose-Bhattacharya"
Coffee House (tt1967477),2521,12474,0.19,0.125,1,3,1,0,0,Drama,0,134,Gurbir Singh Grewal,"Ashutosh Rana, Sakshi Tanwar, Neha Mishra"
Coffee with D (tt6334874),3288,15301,0.157,0.099,1,8,0.72,0,0,Comedy,0,123,Vishal Mishra,"Sunil Grover, Zakir Hussain, Yugant Badri Pandey"
Collar Bomb (tt14922300),1417,5947,0.102,0.174,-1,5,0.5,0,0,"Action, Thriller",0,86,Dnyanesh Zoting,"Jimmy Shergill, Sparsh Shrivastava, Rajshri Deshpande"
Comedy Couple (tt12758600),2307,10724,0.142,0.113,1,3,0.15,0,0,"Comedy, Romance",0,117,Nachiket Samant,"Saqib Saleem, Shweta Basu Prasad, Pooja Bedi"
Commando 2 (tt5954088),2138,9134,0.132,0.117,0.998,26,39.06,1,0,"Action, Thriller",0,144,Deven Bhojani,"Vidyut Jammwal, Adah Sharma, Esha Gupta"
Commando 3 (tt8983168),1976,8159,0.11,0.118,-1,30,40.15,1,0,"Action, Adventure, Thriller",0,133,"Devang Desai, Aditya Datt","Gulshan Devaiah, Robin Chaudhary, Subhasish Ghosh"
Coolie No. 1 (tt10280276),2560,12975,0.101,0.081,1,3.5,21.22,0,1,"Action, Comedy, Romance",0,134,"David Dhawan, Sushma Sunam","Varun Dhawan, Sara Ali Khan, Paresh Rawal"
Court Martial (tt11774804),2264,9673,0.106,0.13,-1,1,0.5,0,0,Drama,0,120,"Sourabh Shrivastava, Karwarkar Bhavika","Saksham Dayma, Rajeev Khandelwal, Swapnill Kotriwar"
Crazxy (tt30798612),1424,6649,0.135,0.117,0.998,4,15,0,0,"Drama, Thriller",0,93,Girish Kohli,"Nimisha Sajayan, Shilpa Shukla, Sohum Shah"
Cuttputlli (tt15315164),2520,9967,0.147,0.128,0.999,150,135,0,0,"Crime, Drama, Mystery",0,120,Ranjit Tewari,"Akshay Kumar, Rakul Preet Singh, Sargun Mehta"
Daawat-e-Ishq (tt3398052),2773,11828,0.189,0.094,1,32,35.58,0,0,"Comedy, Drama, Romance",0,118,Habib Faisal,"Aditya Roy Kapoor, Parineeti Chopra, Anupam Kher"
Dabangg (tt1620719),2178,8730,0.167,0.104,1,42,221,0,1,"Action, Comedy, Crime",0,126,Abhinav Kashyap,"Salman Khan, Sonakshi Sinha, Sonu Sood"
Dabangg 3 (tt7059844),2178,8730,0.167,0.104,1,100,230,1,1,"Action, Comedy, Crime",0,160,Prabhu Deva,"Salman Khan, Sudeep, Sonakshi Sinha"
Daddy Cool (tt1388394),1650,6249,0.17,0.145,1,13,6.03,0,0,Drama,0,136,Aashiq Abu,"Mammootty, Ashish Vidyarthi, Biju Menon"
Damadamm! (tt1503640),2414,10784,0.254,0.083,1,5,0.91,0,1,"Comedy, Drama, Romance",0,122,Swapna Joshi,"Himesh Reshammiya, Sonal Sehgal, Purbi Joshi"
Dangal (tt5074352),2578,11240,0.188,0.11,1,70,2070,0,1,"Action, Biography, Drama",0,161,Nitesh Tiwari,"Aamir Khan, Sakshi Tanwar, Fatima Sana Shaikh"
Dangerous Ishq (tt1971365),2010,8506,0.129,0.115,1,26,96,0,0,"Fantasy, Mystery, Romance",0,130,Vikram Bhatt,"Karisma Kapoor, Rajneesh Duggal, Divya Dutta"
Darling (tt0875581),2606,10833,0.227,0.094,1,10,23.65,0,0,Drama,1,94,Johan Kling,"Michelle Meadows, Michael Segerstr�m, Richard Ulfs�ter"
Darlings (tt14152140),2606,10833,0.227,0.094,1,25,80,0,0,"Comedy, Drama, Thriller",1,133,Jasmeet K Reen,"Alia Bhatt, Shefali Shah, Vijay Varma"
Darna Mana Hai (tt0349333),1401,6489,0.077,0.151,-1,4.5,8.31,1,0,Horror,0,121,Prawaal Raman,"Saif Ali Khan, Boman Irani, Nana Patekar"
Darr @ the Mall (tt3449320),1717,6383,0.151,0.118,1,16,7.84,0,0,"Horror, Thriller",1,124,Pavan Kirpalani,"Jimmy Shergill, Nushrratt Bharuccha, Arif Zakaria"
Dassehra (tt2759338),1042,5722,0.152,0.114,1,2,0.28,0,0,"Action, Thriller",1,131,"Manish Vatssalya, Saurabh Choudhary","Neil Nitin Mukesh, Tina Desai, Manish Vatssalya"
Dasvi (tt14107554),2213,10327,0.15,0.105,1,28,129.23,0,0,"Comedy, Drama",0,125,Tushar Jalota,"Abhishek Bachchan, Nimrat Kaur, Yami Gautam"
Dasvidaniya (tt1288638),1993,8415,0.171,0.105,1,4,1.87,0,0,"Comedy, Drama",0,113,Shashant Shah,"Vinay Pathak, Sarita Joshi, Rajat Kapoor"
David (tt12993628),1180,5980,0.145,0.11,1,6,8.4,0,0,Drama,1,118,Bejoy Nambiar,"Lara Dutta, Remo Fernandes, Jiiva"
Days of Tafree (tt5909308),1830,8470,0.145,0.092,1,2,1.99,0,0,Comedy,0,155,Krishnadev Yagnik,"Yash Soni, Ansh Bagri, Sarabjeet Bindra"
De Dana Dan (tt1255951),4079,18565,0.109,0.072,1,60,81.9,0,0,"Comedy, Crime",0,162,Priyadarshan,"Akshay Kumar, Suniel Shetty, Katrina Kaif"
De De Pyaar De (tt8647400),2877,12689,0.142,0.085,1,75,113.74,0,0,"Comedy, Drama, Romance",0,135,Akiv Ali,"Ajay Devgn, Tabu, Rakul Preet Singh"
De De Pyaar De 2 (tt28802657),3152,14779,0.167,0.116,1,135,129.35,1,0,"Comedy, Romance",0,146,Anshul Sharma,"Ajay Devgn, Rakul Preet Singh, Madhavan"
De Taali (tt1024839),2597,11470,0.197,0.092,1,12,12.15,0,0,"Comedy, Drama, Romance",0,140,Eeshwar Nivas,"Aftab Shivdasani, Riteish Deshmukh, Ayesha Takia"
Dear Dad (tt5615116),1372,5580,0.169,0.078,1,1.55,0.13,0,0,"Drama, Family",0,95,Tanuj Bhramar,"Arvind Swamy, Ekavali Khanna, Himanshu Sharma"
Dear Maya (tt6033536),1681,7903,0.109,0.046,1,7.5,0.48,0,0,"Drama, Romance",0,111,Sunaina Bhatnagar,"Manisha Koirala, Madiha Imam, Shreya Chaudhry"
Dear Zindagi (tt5946128),68,311,0.156,0.03,0.987,30,139,0,0,"Drama, Romance",0,151,Gauri Shinde,"Alia Bhatt, Shah Rukh Khan, Kunal Kapoor"
Dedh Ishqiya (tt2675978),2129,9291,0.168,0.101,1,37,45.63,1,0,"Comedy, Drama, Romance",1,152,Abhishek Chaubey,"Madhuri Dixit, Huma Qureshi, Naseeruddin Shah"
Deewaanapan (tt0301179),2136,9263,0.188,0.084,1,6,8.9,0,1,"Action, Romance",0,153,Asshu Trikha,"Arjun Rampal, Dia Mirza, Vinod Khanna"
Deewane (tt0255097),3081,14370,0.192,0.122,1,10,12.15,0,0,"Action, Romance",0,165,Harry Baweja,"�Ajay Devgn, Urmila Matondkar, and Mahima Chaudhary"
Deewane Huye Paagal (tt0444781),1477,7285,0.145,0.094,1,20,26.58,0,0,"Action, Comedy, Drama",0,158,Vikram Bhatt,"Shahid Kapoor, Akshay Kumar, Suniel Shetty"
Deewangee (tt0337971),2271,10684,0.18,0.164,0.999,9,22,0,0,"Crime, Drama, Mystery",0,169,Anees Bazmee,"Ajay Devgn, Akshaye Khanna, Urmila Matondkar"
Dehati Disco (tt13989278),1443,7135,0.198,0.111,1,10,0.1,0,0,"Comedy, Musical",0,122,"Manoj Sharma, Goswami Mahesh Gari Tulsigiri","Ganesh Acharya, Ravi Kishan, Manoj Joshi"
Dehraadun Diary (tt2613942),2230,8384,0.177,0.123,1,9,0.35,0,0,Thriller,0,110,Milind Ukey,"Adhyayan Suman, Rati Agnihotri, Muntazir Ahmad"
Dekh Tamasha Dekh (tt3672618),1847,8521,0.108,0.161,-1,2.25,0.18,0,0,Comedy,1,110,Feroz Abbas Khan,"Satish Kaushik, Tanvi Azmi, Vinay Jain"
